LINK,TITLE,LOCATION,SALARY,SUMMARY
https://kr.indeed.com/viewjob?jk=adfabdc55940347c,"Python 신입/경력 정규직, 계약직",에이피에스티 서울 강서구,,인터넷·IT·통신·모바일·게임>응용프로그래머> Python
https://kr.indeed.com/viewjob?jk=0bed88ef176697fd,서버/스토리지 운영 담당자 (~6/27),현대차증권 대한민국,,"운영 경력 7년 이상 * 우대요건 - 금융회사 서버 인프라 운영 경험자 우대 - 스크립트(Perl, Python), 개발언어(C, Java) 작성 가능자 - 오픈소스, 미들웨어, 데이터베이스 운영 경험자 * 공통지원..."
https://kr.indeed.com/viewjob?jk=508842f94e68d789,시스템 엔지니어,한국쓰리엠 5.0 전라남도,,"엔지니어 모집부문 및 자격요건 담당업무 자격요건 근무지 [담당업무]공장제어 시스템 운영 및 개발 C#, Python, or Java 중 1개 이상 활용 가능자 [자격요건]경력사항: 신입, 경력(5년 이상 )학력사항: 대학교..."
https://kr.indeed.com/viewjob?jk=dfb20fa220f3c478,"빅데이터, 인공지능(AI) 외 신입/경력 인턴",스칼라웍스 대한민국,,인공지능)>인공지능(AI)|인터넷·IT·통신·모바일·게임>빅데이터·AI(인공지능)>데이터분석|인터넷·IT·통신·모바일·게임>빅데이터·AI(인공지능)> Python|인터넷·IT·통신·모바일·게임>빅데이터·AI(인공지능)>딥러닝
https://kr.indeed.com/viewjob?jk=dcc5319cfdaded5f,Graphics System Architecture,Facebook 경기도,,"organizations 12+ years of experience in programming languages ( Python, C++, Java or R... technical background 8+ years..."
https://kr.indeed.com/viewjob?jk=84fd9f9deb6105b0,"웹개발, Python 외 신입/경력 계약직",쿠바로엠앤씨 서울 강서구,,"주식회사 쿠바로엠앤씨 웹개발, Python 외 신입/경력 계약직 채용 모집... 게임>웹프로그래머>웹개발|인터넷·IT·통신·모바일·게임>웹프로그래머> Python|인터넷·IT·통신·모바일·게임>웹프로그래머>백엔드|인터넷·IT·통신..."
https://kr.indeed.com/viewjob?jk=c6cbe4d8dd9afcb1,사내 및 서비스 보안 담당자 (경력),네오위즈 대한민국,,"있는 분 - IDS / IPS 패턴 분석 및 Rule 개발 경력이 있는 분 - 각종 스크립트 언어(Perl, Python, shell script 등)의 활용 능력을 갖춘 분 모집기간 채용시 마감 고용형태 정규직"
https://kr.indeed.com/viewjob?jk=7d155eed9eceae77,[빅데이터 분석] 인턴,레드테이블 서울 종로구,"월급 2,000,000원","음식.관광 분야에 배경지식을 갖추신 분 Python, R, SQL, 통계프로그램... 서서류전형, 면접전형/ 우대사항음식.관광 분야에 배경지식을 갖추신 분 Python, R, SQL, 통계프로그램 등을 활용하여 데이터 정제, 분석, 모델..."
https://kr.indeed.com/viewjob?jk=4cd34228af5013fd,DGIST 2019년 제1차 계약직원 공개채용 공고,대구경북과학기술원 대구 현풍면,,"우수자(SPSS, R 등 통계패키지) 외국어(영어) 구사 능력 우수자 Programming(MATLAB, Python, C/C++ 등) 가능자 · 근무기간 : 2019.3.11.~2020.3.10. ※ 단, 재계약 평가에..."
https://kr.indeed.com/viewjob?jk=79304a56b5a6379b,Business Analyst,Numerix 대한민국,,"engineering related research. • Broad working knowledge of Python, Excel (inc. automation skills), Relational DBs, SQL..."
https://kr.indeed.com/viewjob?jk=11e1d4d95297c9f7,한림대학교성심병원 빅데이터센터 경력직 채용공고,한림대학교성심병원 대한민국,,"가. 관련업무 학사 이상 학위 취득자(대졸 이상 4년) 나. NoSQL, Oracle, Sybase, R, Python 가능자 우대 다. Common Data Model 경험자 우대 라. 서버관리/정보보안, 텍스트마이닝 경험..."
https://kr.indeed.com/viewjob?jk=7bb7412bddcd3783,[연계/무료교육] 2021년 소프트웨어 개발자 양성과정 교육생,한국소프트웨어기술진흥협회 서울 송파구,,통신·모바일·게임>빅데이터·AI(인공지능)>데이터분석|인터넷·IT·통신·모바일·게임>빅데이터·AI(인공지능)> Python|인터넷·IT·통신·모바일·게임>빅데이터·AI(인공지능)>머신러닝|인터넷·IT·통신·모바일·게임>빅데이터...
https://kr.indeed.com/viewjob?jk=161101bb76cb7f2d,(전원인턴연계/전액무료) 정보보호산업 맞춤형 인재 양성과정 교육생,한국정보보호산업협회 서울,,로그래머>백엔드|인터넷·IT·통신·모바일·게임>웹프로그래머>프론트엔드|인터넷·IT·통신·모바일·게임>웹프로그래머> Python|인터넷·IT·통신·모바일·게임>웹프로그래머>ASP.NET|인터넷·IT·통신·모바일·게임>웹프로그래머...
https://kr.indeed.com/viewjob?jk=387c6b57b19a4825,[다음포털] 카카오 콘텐츠 데이터(엔지니어/사이언티스트/모델러) 모집,카카오 4.0 대한민국,,"및 인사이트 도출 모델 평가를 위한 평가 지표 개발 지원자격 팀 커뮤니케이션이 원활하신 분 R, Python으로 능숙한 프로그래밍이 가능하신 분 TensorFlow/Keras, PyTorch, sklearn, Spark..."
https://kr.indeed.com/viewjob?jk=14d562d10c215572,"PHP, Python 신입/경력 정규직",비즈부스터 서울 금천구,,"주식회사 비즈부스터 PHP, Python 개발자 채용 모집부문 및 자격요건 담당업무 자격요건 인원 [담당업무]*당사의 서비스(비즈탑) 솔루션 및 서비... 프로그래머>PHP |인터넷·IT·통신·모바일·게임>웹프로그래머> Python"
https://kr.indeed.com/viewjob?jk=7d1d1203a59ee23b,Support Engineer,Microsoft 4.2 서울,,"Operating System tasks through the use of Powershell, Python, or similar scripting language Experience in one or more..."
https://kr.indeed.com/viewjob?jk=6b59add8d1628fee,SK M&Service 검색 시스템(엘라스틱서치) 개발/운영 담당 경력직...,SK M&Service 서울특별시,,"Java/Spring 기반 개발 경력 7년 이상 분석적 사고, 창의적 사고, 긍정적 마인드 보유 우대 Python 기반 개발 경험 텍스트 기반 분석 및 개발 경험 대용량 데이터 분석 경험 기타 공통사항 - 병역필..."
https://kr.indeed.com/viewjob?jk=970b39a3e7de61d6,IT기획 경력사원,S&I Corp. 서울 강서구,,"5년 이상 (IT기획, 프로젝트 PM/PL, 개발경력 등) - 자격 : 컴퓨터 언어 활용능력 보유 (JAVA, PYTHON) : 데이터베이스(RDBMS) 활용능력 보유 - 우대사항 : IT 예산(HW,SW,인건비) 수립 경험..."
https://kr.indeed.com/viewjob?jk=9acc17c535b42959,2021년 (신입) 전문연구요원 모집,NHN 4.4 성남 판교역,,"병역특례 전문연구요원 - Python/C++/Java/C# 개발 경험... 유연한 사고와 원활한 커뮤니케이션 능력 우대 - C/C++, Python 등 개발 숙련자 우대 공통지원자격(필수) - 해당 분야 석사 이상..."
https://kr.indeed.com/viewjob?jk=806a082758707a8f,Application Engineer III - (E3),Applied Materials Inc. 대한민국,,"trainer. 7. Direct experience of algorithm writing (e.g., R, Python... plus. 8. Travel to international locations at ~25..."
https://kr.indeed.com/viewjob?jk=b95d00f1145e5ef3,(광주취업맛집1위)2021년도 국비 기술교육생,대한상공회의소 광주인력개발원 광주 광산구,,통신·모바일·게임>빅데이터·AI(인공지능)>데이터분석|인터넷·IT·통신·모바일·게임>빅데이터·AI(인공지능)> Python|인터넷·IT·통신·모바일·게임>빅데이터·AI(인공지능)>머신러닝|인터넷·IT·통신·모바일·게임>빅데이터...
https://kr.indeed.com/viewjob?jk=3092c5f8a7bd6652,Python 개발 프리랜서 공고,대성산업 3.0 서울,,"0명 주요업무 -. 시스템 개발 및 운영 -. 시스템 분석/설계 -. 프로그램 개발 지원자격 [자격요건] - Python, Django Framework 기본지식 - HTML/Javascript/jQuery/CSS 기본 지식..."
https://kr.indeed.com/viewjob?jk=9941b739641f430e,"정보시스템, Python 외 경력 정규직",디사인한국연락사무소 경기도 부천,"연봉 40,000,000원 - 50,000,000원",인터넷·IT·통신·모바일·게임>네트워크·서버·보안>정보시스템|인터넷·IT·통신·모바일·게임>응용프로그래머> Python|인터넷·IT·통신·모바일·게임>응용프로그래머>인공지능(AI)|인터넷·IT·통신·모바일·게임>응용프로그래머...
https://kr.indeed.com/viewjob?jk=abbb8df34c660e0a,"빅데이터, (AI)인공지능 외 신입/경력 인턴 (정규직전환)",스칼라웍스 서울 금천구,,인공지능)>인공지능(AI)|인터넷·IT·통신·모바일·게임>빅데이터·AI(인공지능)>데이터분석|인터넷·IT·통신·모바일·게임>빅데이터·AI(인공지능)> Python|인터넷·IT·통신·모바일·게임>빅데이터·AI(인공지능)>딥러닝
https://kr.indeed.com/viewjob?jk=78e99625e5de3c95,전문연구요원 (병역특례) 수시 (AI / HW 분야),딥엑스 성남 분당구,"연봉 40,000,000원 - 100,000,000원","모델의 RTL IP 설계 및 IP 검증 가능자 - Language: Python/Perl, C/C++ [우대 조건] - ARM based SoC 설계... Linux, shell, tcl, python, perl 사용 원활..."
https://kr.indeed.com/viewjob?jk=3d0cc83899a9b37f,[위메프서비스] CI/CD 엔지니어(정규직),위메프 2.8 대한민국,,"배포 경험이 있는 분 [우대사항] - kubernetes 기반 서비스 운영경험이 있는 분 - JAVA, python 등 웹어플리케이션용 개발언어 1개 이상 경험이 있는 분 - 네트워크, 리눅스 기반 관련 지식 보유한 분..."
https://kr.indeed.com/viewjob?jk=40462398c7170442,[기업부설연구소]AI기반 비전시스템 개발 정규직 전문연구원 모집,한국정보공작소 관심기업 대한민국,,"지원자격 경력 1년 이상 undefined 대학교(4년) 우대조건 Python, 미신러닝/딥러닝에 대한 폭넓은 기본지식, 최신 연구논문에 대한 이해... 전공 - 통계학 전공 - 직접 : Python, C++,Tensorflow..."
https://kr.indeed.com/viewjob?jk=cfc7c0bdded5e12a,기업 인공지능(AI) 강사,모두의연구소 대한민국,,"데이터 분석 - 데이터 시각화 - EDA- 머신러닝 기반 예측모델 생성 - 각종 데이터 분석 라이브러리 활용 ( python, pandas, numpy, scipy, matplotlib, seaborn, scikit learn..."
https://kr.indeed.com/viewjob?jk=b10bbd24034a5590,광학솔루션사업부 R&D 신입 석/박사 및 경력사원,LG이노텍 4.1 경기도 안산,,"light Illumination microscopy - 프로그래밍 언어 사용 가능자 (Matlab, Python) [학력] - 박사 이상, 응용물리학 전공자 [모집 구분] - 신입 석/박사, 경력 [모집 분야] - 카메라모..."
https://kr.indeed.com/viewjob?jk=532efeca5032b05e,Junior Consultant,United Nations Development Programme (UNDP) 대전,,programming languages for statistical analysis (e.g. R or Python) or statistical software (e.g. SPSS) and data visualisation...
https://kr.indeed.com/viewjob?jk=754be9e3d78fa802,2021년 상반기 R&D 개발자 (병역특례 가능/경력 무관),네오스텍 인천 연수구,,"담당업무: - 블루투스 메시 기반 위치 추적 솔루션 개발 - 상기 솔루션의 임베디드 펌웨어 개발 - C(필수), Python, Javascript 프로그래밍 언어 사용 - 기술 지원 [자격요건] 경력사항: 무관 (신입도 지원..."
https://kr.indeed.com/viewjob?jk=efec71e8e5ec12ce,"연구, 연구관리 신입/경력 계약직",한국원자력의학원 2.5 서울 노원구,"연봉 40,000,000원 - 50,000,000원",인터넷·IT·통신·모바일·게임>응용프로그래머>머신러닝(ML)|인터넷·IT·통신·모바일·게임>응용프로그래머> Python|인터넷·IT·통신·모바일·게임>응용프로그래머>증강현실(AR)|인터넷·IT·통신·모바일·게임>응용프로그래머...
https://kr.indeed.com/viewjob?jk=55584c627df1acaa,데이터 분석가/사이언티스트(신입/인턴 가능),쏘카 제주도 제주,,"Sheet) 등 데이터 분석 도구를 원활히 다루시거나, 앞으로 원활히 다루고자 하는 의지가 높으신 분 • Python, R 등의 프로그래밍 언어 혹은 데이터 분석 언어를 1개 이상 능숙하게 사용 가능하신 분 전형절차 서류..."
https://kr.indeed.com/viewjob?jk=66cf9fcab574b073,[한양대 에리카] 기업부설연구소 연구원 (신입/경력/인턴),워너버스이노베이션 안산 상록구,,NET|인터넷·IT·통신·모바일·게임>응용프로그래머>C#|인터넷·IT·통신·모바일·게임>응용프로그래머> Python|인터넷·IT·통신·모바일·게임>응용프로그래머>인공지능(AI)|인터넷·IT·통신·모바일·게임>응용프로그래머...
https://kr.indeed.com/viewjob?jk=4ade52bb05545770,[전국렌터카공제조합] 신입 및 경력직,전국렌터카공제조합 경기도,,웹개발|인터넷·IT·통신·모바일·게임>웹프로그래머>JSP|인터넷·IT·통신·모바일·게임>웹프로그래머> Python|인터넷·IT·통신·모바일·게임>응용프로그래머>iOS|인터넷·IT·통신·모바일·게임>응용프로그래머>Android...
https://kr.indeed.com/viewjob?jk=a621e7d486f97ea5,2021 ICT 이노베이션 블록체인&AI 교육생,재단법인경남테크노파크 창원 마산회원구,,게임>빅데이터·AI(인공지능)> Python|인터넷·IT·통신·모바일·게임... 로그래머>인공지능(AI)|인터넷·IT·통신·모바일·게임>응용프로그래머> Python|인터넷·IT·통신·모바일·게임>응용프로그래머>머신러닝(ML)|인터넷...
https://kr.indeed.com/viewjob?jk=c80b67aa02a7b226,인공지능연구소 우수인력 초빙 - 연구원 및 연구관리직 -,광주과학기술원 광주 북구,,"기술 컴퓨터사이언스, 머신러닝, 컴파일러, 자연언어 처리, 네트워킹, 지능형 센서 관련 지식 Python/Java/C++/Web/App/API 프로그래밍, 딥러닝, 자연어처리, TCP/IP 등에 대한 지식 필요기술..."
https://kr.indeed.com/viewjob?jk=8b0ab14d618b6f94,동진쎄미켐 각 부문 신입 및 경력사원 대규모 채용,동진세미캠 경기도 화성,,"이상 - 전공 : 컴퓨터공학, 정보통신학 계열 - 우대사항 1) 전산 관련 전공 및 자격증 소지자 2) Python, JAVA, MS-SQL, 오라클 ERP 경험자 3) 어학 우수자 (영어) 0명 서울 본사 (상암..."
https://kr.indeed.com/viewjob?jk=de8dda97b31b027d,Deep Learning Engineer Intern,Intel 4.1 서울,,optimization strategies Programming skills with Python/C++ Experience working with one or more deep learning frameworks...
https://kr.indeed.com/viewjob?jk=4adac8923476d038,프랭클린템플턴투신운용 Junior Trader (Quant base 필수...,프랭클린템플턴투신 대한민국,,"object-oriented programming and intermediate programming proficiency in Python, R or MATLAB, and SQL are essential. Licenses..."
https://kr.indeed.com/viewjob?jk=9b0a4fe4f3f044ad,전장부품사업부 신입(석사)/경력사원,LG이노텍 4.1 서울 마곡역,,"컴퓨터/소프트웨어공학 전공자 (신입은 석사, 경력은 학사 이상 학위 소지자) - C/C++/MFC, Python, Matlab 프로그램 가능자 - 영상/신호처리/ISP개발 유경험자 - Business 영어회화 가능자..."
https://kr.indeed.com/viewjob?jk=0ab1df9aef7219de,대체투자팀(AI) 대리~부장급 (~6/27),이스트스프링자산운용 대한민국,,"Quants. - Proficiency with programming language; VBA, Python and etc. - Patriots/Veterans' family... advantaged. 4. 면접..."
https://kr.indeed.com/viewjob?jk=24f218152e74e560,(정규직 ) 데이터 분석 시스템 개발자 (Python),주)씽크풀 서울 영등포구,,통신·모바일·게임>빅데이터·AI(인공지능)>빅데이터|인터넷·IT·통신·모바일·게임>빅데이터·AI(인공지능)> Python|인터넷·IT·통신·모바일·게임>빅데이터·AI(인공지능)>머신러닝|인터넷·IT·통신·모바일·게임>데이터베이...
https://kr.indeed.com/viewjob?jk=f971c284b5403203,2021년 한국도로공사 전문직(데이터분석전문가),한국도로공사 경상북도,,"년 이상 해당분야 경력이 있는 자 - 해당분야 학사학위 취득 후 6년 이상 해당분야 경력이 있는 자 3. Python, R, Java 등 1개 이상의 프로그래밍 능력 보유자 결격사유 제8조 (결격사유) 다음 각호의 1에 해당..."
https://kr.indeed.com/viewjob?jk=d3e388157ad2a66f,에프앤가이드 - 각 부문 (전문연구요원 포함),에프앤가이드 대한민국,,"이공계열 석사학위 이상 취득(예정)자 - 우대사항 : ㆍ SQL, python, R 개발경험 소유자 디지털금융팀 - 담당업무 : ㆍ마이데이터 및... 문을 이해/구현 가능한 분 ㆍ Python 등의 언어를 이용한 서비스 개발..."
https://kr.indeed.com/viewjob?jk=e36b281df2933890,[위메프서비스] E-Commerce 데이터엔지니어/NLP개발자(정규직),위메프 2.8 대한민국,,개발 경력 3년 이상 - 분산파일 시스템 Hadoop 및 Spark 경험이 있는 분 - Java 및 Python 개발 능력을 보유한 분(중급 이상) - Hadoop Ecosysterm 운영 및 유지보수 경험이 있는 분...
https://kr.indeed.com/viewjob?jk=4698c0e2364b5576,[넥슨·엔씨소프트등] 자바·파이썬 응용SW 개발자 양성교육 · 동종업계...,한국직업전문학교 서울 구로구,,통신·모바일·게임>응용프로그래머> Python|인터넷·IT·통신·모바일·게임... 웹프로그래머> Python|인터넷·IT·통신·모바일·게임>웹프로그래머>웹개발|인터넷·IT·통신·모바일·게임>빅데이터·AI(인공지능)> Python|인터넷...
https://kr.indeed.com/viewjob?jk=4d62f108017056a2,백엔드개발 인공지능바이오제약코스닥기업,대한민국,,"선과 신규 서비스의 UI, 기능을 설계 및 개발"" ※ 자격조건 - python 개발 경험(기본) - non-sql DB, sql DB 중 1개 이상... 사용 경험 - 풀스택 개발자 - python, C# 동시 사용"" 기타정보..."
https://kr.indeed.com/viewjob?jk=43f8edb38c7888c7,[위메프오] 서버개발자(정규직),위메프 2.8 대한민국,,"데이터베이스 분산설계 및 미들웨어 개발 [자격사항] - 서버 프로그래밍 언어(PHP, Go, C/C++, Python, Java) 중 1개 이상 사용이 가능한 분 - 자료구조, 알고리즘, 분산처리 등 SW관련 기본지식 보유..."
https://kr.indeed.com/viewjob?jk=06d133676285b02e,보안 분야,NHN 4.4 성남 판교역,,"계층별/영역별 취약점에 대한 충분한 이해 - CVE 보안취약점 분석 및 대응 역량 - C, Java, Python 등을 통한 업무 자동화 및 분석도구 개발 경험 - 리버스 엔지니어링에 능숙하거나 다수의 버그바운티 참여..."
https://kr.indeed.com/viewjob?jk=b602108c31558329,리서치분야 석사이상 경력직,케이지제로인 대한민국,,"티팩터 리서치 2. 펀드, 금융 및 재무데이터 분석 3. 기업재무 관련 리서치 4. 기관 컨설팅 5. R, Python을 활용한 로직 개발 자격 요건 석사이상, 경력 3년이상, 경제학, 재무금융 전공자 우대사항 CFA..."
https://kr.indeed.com/viewjob?jk=f468f742037501ae,[TmaxTibero/기술] DBMS 제품 QA 신입 및 경력,티맥스소프트 성남 분당구,,베이스/ 소프트웨어공학 전공자 - 데이터베이스 연관 3rd Party 제품 기술지원 경험자 - Java/C/ Python/shell 초급 개발자/경험자 - S/W QA 경험자 - CDC 제품 사용 경험자 - Unix/Linux...
https://kr.indeed.com/viewjob?jk=368e303e15b6bdb7,AI Engineer,GE Appliances 경기도 성남,,"lite, TensorRT. 5+ years of programming experience in Python, C/C++ Experiences working on deep learning model optimization..."
https://kr.indeed.com/viewjob?jk=5e7dc1196f13b938,"NAVER, LINE 서비스 플랫폼 운영",NIT Service 성남 삼평동,,"유하신 분 - 프로그래밍 언어( python, java, c언어 등) 초급... System, WEB/WAS, DB운영 경험 - 프로그래밍 언어( python, java, c언어 등) 중급 이상 - 국가보훈대상자 및 장애인은..."
https://kr.indeed.com/viewjob?jk=15edcadd124ad99a,매칭 데이터분석,Nexon 성남 분당구,,"최적화 된 모델을 적용하고 평가합니다. 지원자격 [이런 경험을 가진 파티원을 찾습니다.] - SQL, Python 등의 언어를 통해 데이터를 가공한 경험이 있는 분을 찾습니다. - 문제에 적합한 머신러닝 모델을 선택하고..."
https://kr.indeed.com/viewjob?jk=8339b6fce67c485d,"웹,앱 개발자/임베디드개발자/블록체인개발자/서버관리자 정규직",위고컴퍼니 서울 서초구,,인터넷·IT·통신·모바일·게임>응용프로그래머>자바스크립트|인터넷·IT·통신·모바일·게임>응용프로그래머> Python|인터넷·IT·통신·모바일·게임>시스템프로그래머>임베디드(Embedded)|인터넷·IT·통신·모바일·게임>네트워...
https://kr.indeed.com/viewjob?jk=2ba9d984a21e03b1,[전문연구요원] R&D 부문 개발자 병역특례,스칼라웍스 서울 금천구,,"Data Analysis (R, SQL 등의 활용 능력 우대)3) Python Application 관련 개발 업무 (코딩 또는 문제해결) 4) ML... 게임>빅데이터·AI(인공지능)> Python|인터넷·IT·통신·모바일·게임..."
https://kr.indeed.com/viewjob?jk=e97e5ff34697d5a9,[KRAFTON] 음성 (TTS/STT) 딥러닝 엔지니어,PUBG 서울,,험을 보유하신 분 독창적인 기술 제시 및 문제 해결을 위한 프로그래밍 능력을 보유하신 분 (C/C++/ Python/shell 등) 오픈소스 기반 딥 러닝 프레임워크 활용 능력을 보유하신 분 (PyTorch/TensorFlow...
https://kr.indeed.com/viewjob?jk=31c8ae4a133b5147,SW(모바일앱 및 웹개발) 신입/경력 정규직 개발자,더조인 서울 강남구,,통신·모바일·게임>응용프로그래머>Android|인터넷·IT·통신·모바일·게임>응용프로그래머>iOS|인터넷·IT·통신·모바일·게임>응용프로그래머>인공지능(AI)|인터넷·IT·통신·모바일·게임>응용프로그래머> Python
https://kr.indeed.com/viewjob?jk=74cf47be676133ff,DGIST 미래자동차융합연구센터 계약직 연구원 및 연수연구원 공개 초빙...,대구경북과학기술원 대구 현풍면,,"기술개발 우대 사항 우대사항 - S/W개발능력, C,C++, Python,Matlab 등 능숙자 - 자율주행 및 ADAS관련 프로젝트 참여경... W개발능력, C,C++, Python,Matlab 등 능숙자 - 자율주행..."
https://kr.indeed.com/viewjob?jk=c40cc19fea34b701,System Engineering 유명포털기업,경기도,,"경험 (트러블슈팅, 성능테스트, 벤치마크 등) - 운영에 필요한 도구 개발 역량 (Shell / PHP / Python 등 하나 이상의 개발) - 서버 관리 환경 (모니터링, 설정관리, 프로비저닝 등) 구축 경험 ※ 우대사..."
https://kr.indeed.com/viewjob?jk=5158175feb7b77e8,"경력사원 상시채용(웹/모바일 개발, 인프라/보안)",현대아이티엔이 서울 대치동,,"서버/네트워크 인프라 지식 및 기술 보유자 [우대사항] -웹/앱/인프라 모의해킹 경험자 -프로그램( Python,, C, JAVA) 보안 개발 및 시큐어 코딩 가능자 -End-point 보안 취약점 조치 가능자 -보안..."
https://kr.indeed.com/viewjob?jk=db55ee61f98e6816,DGIST 동반진단의료기술융합연구실 계약직 연구원 채용 공고,대구경북과학기술원 대구 현풍면,,데이터 통계 분석 AI 기반 데이터 분석을 위한 대용량 고속 데이터 처리 DB 구축 우대 사항 Python/Jave 기반 생체 정보 데이터 분석 경험자 대용량 고속 데이터 처리 DB 구축 경험자 급여수준...
https://kr.indeed.com/viewjob?jk=32df0f890a9d577b,"드론솔루션 (아두이노 등 ICT SW, 드론 HW제작, 드론쇼핑몰)",탱고드론 성남 분당구,"연봉 25,000,000원 - 30,000,000원",어개발자|인터넷·IT·통신·모바일·게임>응용프로그래머>C·C++|인터넷·IT·통신·모바일·게임>응용프로그래머> Python|인터넷·IT·통신·모바일·게임>시스템프로그래머>임베디드(Embedded)|인터넷·IT·통신·모바일·게임...
https://kr.indeed.com/viewjob?jk=6fba80d63c663769,데이터 엔지니어,RIDI Corp 서울,,"에서의 데이터 파이프라인 구축 및 운영 경험 GA, Tableau 등 외부 분석/시각화 도구에 대한 지식 Python, Java, Scala 중 하나 이상을 이용한 개발 경험 추가 정보 지원 서류 안내 제출서류 : 이력..."
https://kr.indeed.com/viewjob?jk=4a08b699c69b0b44,AI R&D 데이터 플랫폼 엔지니어 모집,엔씨소프트 2.7 성남 판교역,,3년 ~ 15년 필수조건 - Hadoop 기반 분산 데이터 처리 기술에 대한 경험 보유 - Java / Python 기반 개발 경험 보유 - Hive 기반 ETL 개발 및 workflow 자동화 개발 경험 보유 - J2EE...
https://kr.indeed.com/viewjob?jk=0c702fa92561ccdd,"Prin Spclst, Field Svc",Raytheon Intelligence & Space 경기도 오산,,"Redhat Linux System Administration, UNIX shell/PERL/ python scripting, Cisco network administration, Oracle or Weblogic..."
https://kr.indeed.com/viewjob?jk=afe92c03320fe1b3,카카오 광고 서비스 알고리즘 및 시스템 개발,카카오 4.0 성남 판교역,,"함께 하고 싶습니다. 지원자격(공통) 하나 이상의 프로그래밍 언어에 익숙한 분 (C/C++, Java, Python, Go, Scala 등) [알고리즘 개발 업무 관련 지원 경우] 데이터 마이닝 또는 머신러닝 지식/경험이..."
https://kr.indeed.com/viewjob?jk=08fbc3e510fbe320,"산업용 비전 처리 S/W 개발, AI 가속기 처리 S/W 개발 경력사원",여의시스템 성남 중원구,,모바일·게임>응용프로그래머>Visual C++(MFC·ATL)|인터넷·IT·통신·모바일·게임>응용프로그래머> Python|인터넷·IT·통신·모바일·게임>응용프로그래머>인공지능(AI)|인터넷·IT·통신·모바일·게임>빅데이터·AI...
https://kr.indeed.com/viewjob?jk=9bb54701619623b2,"특성화고 IT(AI, 웹개발, 콘텐츠기획)",천재교과서 서울 금천구,,모바일·게임>빅데이터·AI(인공지능)>데이터분석|인터넷·IT·통신·모바일·게임>빅데이터·AI(인공지능)> Python|인터넷·IT·통신·모바일·게임>빅데이터·AI(인공지능)>머신러닝|교육·교사·강사·교직원>교육·교재개발>교수설...
https://kr.indeed.com/viewjob?jk=2238a8f7a38080f3,리서치분야 경력직,케이지제로인 대한민국,,"모델링 자격 요건 - 금융공학, 경영학(재무학), 경제학, 수학 등 관련 분야 전공자 - SQL, R, Python 등 Tool 숙련자 우대사항 - 금융관련 자격증 소지자 / 재무 및 통계 관련 석박사 / 펀드 관련..."
https://kr.indeed.com/viewjob?jk=b71f9a6699193c99,테크빌더팀 웹(프론트/백엔드)개발,Nexon 성남 분당구,,"Ubuntu) - React, Angular, jQuery - Python, Flask, Nginx, ElasticSearch, MySQL 지원... 발해 보신 분 * 백엔드 - Python, Java, C# 중 한 가지..."
https://kr.indeed.com/viewjob?jk=20530ee69e2fd831,"Mgr, Field Svc",Raytheon Intelligence & Space 경기도 오산,,"software development methods (shell scripts, JavaScript, Python, PHP, C/C++, C#, Java, XML, HTML, etc.) Oracle database..."
https://kr.indeed.com/viewjob?jk=b38903f24aefd3bf,[건축자재 중견기업] 데이터 사이언티스트 (대리~과장),커리어라임즈 서울 영등포구,,"업무를 위한 프로그래밍 언어 Python 및 R, SQL 가능자- Hive... 데이터분석|인터넷·IT·통신·모바일·게임>빅데이터·AI(인공지능)> Python|인터넷·IT·통신·모바일·게임>빅데이터·AI(인공지능)>R|인터넷..."
https://kr.indeed.com/viewjob?jk=281a2bdefadcf4f9,[KSTEC] RPA 시스템 개발 경력사원,지식시스템 성남 분당구,,통신·모바일·게임>웹프로그래머>JAVA|인터넷·IT·통신·모바일·게임>웹프로그래머>.NET|인터넷·IT·통신·모바일·게임>웹프로그래머> Python|인터넷·IT·통신·모바일·게임>웹프로그래머>HTML·DHTML·mHTML
https://kr.indeed.com/viewjob?jk=3c2bf0ec25a85c9f,"Senior Analyst - Data Science, Marketing...",McKinsey & Company 4.3 서울,,mathematics) 4+ years of experience working with SQL and Python or R programming Ability to manage and query large databases...
https://kr.indeed.com/viewjob?jk=98c2229e57d4ee1f,전기전자컴퓨터공학부(바이오컴퓨팅연구실) 위촉연구원,광주과학기술원 광주 북구,,"국가보훈대상자(취업보호대상자) 및 장애인은 관련 법령에 의거하여 우대 ② 컴퓨터 프로그램밍 (Matlab, Python, C++등) 가능자 ③ 뇌파 측정 및 분석 2년 이상 경력 ➃ 딥러닝 기술 개발 경험 결격사유..."
https://kr.indeed.com/viewjob?jk=04751aa927de1b32,금융IT(UI/UX개발) 인재,에셋플러스자산운용 대한민국,,"및 백엔드 개발) 및 모바일 환경 확장 - UI/UX개발 유경험자 - Python기반 프레임워크,(Django등)를 이용한 웹서비스 개발 2) 자격... 보유 인재 - mysql, Python, 유경험자 (우대사항) - 영어능..."
https://kr.indeed.com/viewjob?jk=f7fe5122e5cb1aad,Principal Digital Design Engineer,Dialog Semiconductor 대한민국,,debugging. Familiarity with scripting languages like Tcl or Python Familiarity with C/C++ and MATLAB Applies advanced methods...
https://kr.indeed.com/viewjob?jk=6b7898d1f5c43c37,Data Mining Specialist,Thermo Fisher Scientific 3.5 서울,,"Preferably understanding of analytics and business intelligence technologies... R, Python, Power BI or MS AI solutions"
https://kr.indeed.com/viewjob?jk=5b2574aec8e1d083,딥러닝 개발자 정규직,바이오에이아이 서울 강남구,,"라우드 기반 인프라 활용 - 데이터 수집, 전처리, 통합 자격 조건 - 데이터, 딥러닝 분야에 대한 이해 - Python 코딩능력 - 리눅스 사용 경험 우대 사항 - 영어 리딩 능력 - 의약분야 프로젝트 경험 - 플랫폼개발에..."
https://kr.indeed.com/viewjob?jk=f2cca1a985038942,[EY한영] 감사본부 파생상품평가부서(DVC) 경력직 모집,Ernst & Young 4.0 대한민국,,"금융공학/수학/컴퓨터 관련 전공자 우대 - 이자율 파생상품 평가관련 지식 보유자 우대 - C++/C, Python, VBA, QuantLib 활용 개발 유경험자 우대 * 전형절차 - 1차 서류 심사 - 2차 실무..."
https://kr.indeed.com/viewjob?jk=b4f45d77c03e9c0e,"Cloud Operations Engineer, APAC",Canonical - Jobs 서울,,scale... pure Python infra-as-code... Our cloud operations engineers bring Python software-engineering skills and rigour...
https://kr.indeed.com/viewjob?jk=d8055c704bb31d85,Server Engineer (Engineering Foundation),뱅크샐러드 서울 영등포구,,"대한 지식 및 판단을 토대로 뱅크샐러드 적용 가능성 제시 자격 요건 Golang/Java(Kotlin)/ Python 중 하나 이상을 이용한 서비스 설계 및 개발 경험 보유 CS Fundamental (자료 구조, 운영체제..."
https://kr.indeed.com/viewjob?jk=ae185a03d7b8f71e,"사물인터넷(IoT) 개발, 메카트로닉스 외 신입/경력 정규직",리쉐니에 수원 영통구,,"연구 빅데이터분석 및 AI개발 Python , WebRTC 프로그램개발... AI개발, Python / WebRTC프로그램개발 [우대사항] 전공계열: 공학계열 자격증: Python, Python 교육이수자, 빅데이터, 스마트공..."
https://kr.indeed.com/viewjob?jk=63d19b43d3b272ca,웹/앱 개발자 신입/경력 정규직,꾼 서울 용산구,"연봉 30,000,000원 - 35,000,000원",니다. 인터넷·IT·통신·모바일·게임>웹프로그래머>웹개발|인터넷·IT·통신·모바일·게임>응용프로그래머>iOS|인터넷·IT·통신·모바일·게임>응용프로그래머>Android|인터넷·IT·통신·모바일·게임>응용프로그래머> Python
https://kr.indeed.com/viewjob?jk=c1609874234b535a,"Solutions Architect, Data & AI",Databricks 대한민국,,"Hadoop, Cassandra, and others. Fluent coding experience in Python or Scala implementing Spark, Java and R is also desirable..."
https://kr.indeed.com/viewjob?jk=12aee20d54fbd438,[웹젠] 사내IT인프라(신입/경력),웹젠 성남 분당구,,"Terraform 등 운영 경험이 있는 분 - Powershell, Python, Bash,Batch 작성이 가능한 분 - L2,L3 네트워크 기본... 있는 분 - Powershell, Python, Bash,Batch 작성이..."
https://kr.indeed.com/viewjob?jk=dfd97435a0f37a60,SW① - Big Data 분석 / 모델링 전문가,LG전자 3.8 경기도 오산,,"러닝, 딥 러닝을 이용한 공정 데이터 예측 경험 2. 우대사항 - 관련 전공 석/박사 학위취득(예정)자 - Python, TensorFLow 등 ML framework 능숙 - C/C++를 이용한 알고리즘 구현 가능 ※ 이전..."
https://kr.indeed.com/viewjob?jk=7bf179a290a157b2,경험최적화파트 - 머신러닝 엔지니어,Nexon 성남 분당구,,모델 개발 - 머신러닝을 위한 솔루션 프로토타이핑 - 머신러닝 파이프라인 설계 및 구축 지원자격 - Python에 숙련된 프로그래밍 능력과 머신러닝 라이브러리 활용 경험 - 머신러닝과 강화학습에 관련된 지식 습득 혹은...
https://kr.indeed.com/viewjob?jk=d69b5a1e60c65ce6,데이터 마케팅 경력사원,LG전자 3.8 서울 영등포구,,"능력 보유자 (SQL, R, Python, Scalar, Hadoop 등... 운영 경험자 - CRM 캠페인 기획/운영 경험자 - SQL, R, Python 등 통계 패키지 활용 자격증 보유자 모집기한: ~ 본 포지션 채용 시점..."
https://kr.indeed.com/viewjob?jk=d8a8869ab092f731,데이터 엔지니어 및 사이언티스트,카카오 4.0 성남 판교역,,"등 데이터 엔지니어와 사이언티스트의 업무를 경계 없이 수행하게 됩니다. 지원자격 개발 경력 3년 이상 Python, Scala, Java, C++ 중 하나 이상의 언어에 능통 SQL 또는 HiveQL에 능통 대용량 데이..."
https://kr.indeed.com/viewjob?jk=1ae2bb09a9bb2078,[AI R&D] ML 엔지니어 모집,엔씨소프트 2.7 성남 판교역,,pipeline 설계 및 구현 기술 연구 개발 지원자격 학력 : 학사 이상 경력기간 : 3년 ~ 필수조건 - Python 언어 및 SQL 쿼리 작업에 능숙하신 분 - ML 도구(scikit-learn/Spark MLlib...
https://kr.indeed.com/viewjob?jk=40fcd7eeeaf408d4,[신규프로젝트][AION2] 테크니컬 아티스트 모집,엔씨소프트 2.7 성남 판교역,,"및 배경, VFX 아티스트 경력 우대사항 - UE4 Custom Shader 제작 Skill - Python,MaxScript 등 개발 언어 활용 능력 - Digital Human 렌더링 이해가 높은 분 - Substance..."
https://kr.indeed.com/viewjob?jk=941687b6bbb14d81,웹 개발자 경력 Java/Php/Javascript/Python/Html...,바이오브레인 대전 서구,"연봉 30,000,000원 - 35,000,000원","(주)바이오브레인 웹 개발자 경력 채용 모집부문 및 자격요건 담당업무 자격요건 인원 [담당업무] ㆍ웹 기반 프로젝트 개발 및 운영 [근무부서 및 직급/직책] 직급/직책: 대리 [자격요건] ㆍJava, Php..."
https://kr.indeed.com/viewjob?jk=8a3db4f640b539e3,[스타랩스] WEB 개발자 정규직,스타랩스 서울 강남구,,수 있습니다. 인터넷·IT·통신·모바일·게임>웹프로그래머>웹개발|인터넷·IT·통신·모바일·게임>웹프로그래머>JAVA|인터넷·IT·통신·모바일·게임>웹프로그래머> Python|인터넷·IT·통신·모바일·게임>웹프로그래머>백엔드
https://kr.indeed.com/viewjob?jk=2892c67308e87f01,Field Data Scientist,Success Korea 경기도,,"Scripting experience required (e.g. Matlab, R, Python). Familiarity with analytics... e.g. Matlab, R, Python). Familiarity..."
https://kr.indeed.com/viewjob?jk=8becbf73bbda7c96,2019 Military Service Exemption Position...,울산과학기술원 울산 언양읍,,"least one programming language... Fortran, C/C++, Python, …; Experience... managing high performance computational..."
https://kr.indeed.com/viewjob?jk=1a75ce748c5f24e9,TOAST CAM 임베디드 개발,NHN 4.4 성남 판교역,,"또는 석사 학위 또는 그에 준하는 실무 경험자 (신입 지원가능) - 임베디드 환경에서 영상 처리 경험자 - Python, C++ 개발 경험 - 딥러닝 프레임워크, 컴퓨터 비젼 경험자 - Visual Object..."
https://kr.indeed.com/viewjob?jk=1b62babbbf2d717a,경험최적화 - 데이터 사이언티스트/분석가,Nexon 성남 분당구,,피처 탐색 등) - 게임 내 행동 패턴 로그 분석과 패턴 식별 및 이를 통한 서비스 개선 지원자격 - Python을 사용한 데이터 분석 및 모델 개발 경험 - 머신러닝 라이브러리 활용 경험 - 셀프 모티베이션과 원활한...
https://kr.indeed.com/viewjob?jk=c8832db81328dea7,[웹젠] DBA(경력),웹젠 성남 분당구,,DW 및 BI 경험이 있는 분 ﻿ 우대사항 - Linux 환경에서 Python 언어로의 개발이 가능한 분 - 데이터 분석 및 활용에 관심이 높은 분... 우대사항 - Linux 환경에서 Python 언어로의 개발이 가능한 분...
https://kr.indeed.com/viewjob?jk=be95b5718905880f,AI/빅데이터/클라우드 분야 (인재 Pool),LG유플러스 3.8 서울,,"의미한 인사이트 발굴 - R, Python, SQL 등 Statistics... 등)의 다양한 솔루션을 활용하여 서비스 개발 경험자 2) Java, Python 등 프로그래밍 개발 경험 보유자 3) Container 기반 서비스..."
https://kr.indeed.com/viewjob?jk=a38c881248da7e5e,[취업연계] 파이썬 활용 빅데이터 분석 전문가 양성과정 훈련생,한국산업기술협회 서울 금천구,,게임>빅데이터·AI(인공지능)> Python|인터넷·IT·통신·모바일·게임... 응용프로그래머> Python|인터넷·IT·통신·모바일·게임>웹프로그래머>JAVA|인터넷·IT·통신·모바일·게임>웹프로그래머> Python|전자·기계·기술...
https://kr.indeed.com/viewjob?jk=99f64e23181ea24a,[부산 IT 무료 교육](디지털컨버전스)전자정부 프레임워크 기반 웹 개발...,아이티윌 부산교육센터 부산 부산진구,,통신·모바일·게임>웹프로그래머>백엔드|인터넷·IT·통신·모바일·게임>응용프로그래머>Android|인터넷·IT·통신·모바일·게임>빅데이터·AI(인공지능)> Python|인터넷·IT·통신·모바일·게임>빅데이터·AI(인공지능)>R
https://kr.indeed.com/viewjob?jk=750c98eeab414ede,Senior DBA – BI (Korea),FPT Software 대한민국,,"CSV Experience with other technologies... Java, Python, .NET, Node.js, and Oracle APEX. Skill requirement: Ability..."
https://kr.indeed.com/viewjob?jk=89f3e10d77a126bf,Field Service Engineer,Nearfield Instruments 경기도 용인,,"troubleshooting. Preferably to have coding capability (Matlab, Python...etc... data analysis, visualization, and algorithm..."
https://kr.indeed.com/viewjob?jk=81bcf60373954683,2021년 하반기 신입사원,비아이매트릭스 서울 강남구,,"후 지원해 주세요. (주)비아이매트릭스_자사양식.docx 지원양식 자사양식 직무/산업 직무별(직종) 웹프로그래머JSP, JAVA, Python 응용프로그래머전산전공, C 산업별(업종) 솔루션.ASP.소프트웨어 소프트웨어개발"
https://kr.indeed.com/viewjob?jk=f7bc5590b9cd2cee,[부산 IT 무료 교육]자바·모바일 실무개발자 네트워크·파이썬 실무 전문...,아이티윌 부산교육센터 부산 부산진구,,통신·모바일·게임>웹프로그래머>백엔드|인터넷·IT·통신·모바일·게임>응용프로그래머>Android|인터넷·IT·통신·모바일·게임>빅데이터·AI(인공지능)> Python|인터넷·IT·통신·모바일·게임>빅데이터·AI(인공지능)>R
https://kr.indeed.com/viewjob?jk=20abdd225641e77a,"Software QA Infotainment Test Engineer,...",Tesla 경기도 성남,,"one or more scripting languages... Perl, Ruby, Python, or Bash Passionate about troubleshooting failures to determine..."
https://kr.indeed.com/viewjob?jk=65b07465cbe8ffe7,"Student Training in Engineering Program,...",Google 4.3 서울,,"Computer Science or a related field. Programming experience in Java, Python, C... C++. About the job Student Training..."
https://kr.indeed.com/viewjob?jk=6206e87b9fdd1e51,Partner Technology Strategist,Microsoft 4.2 서울,,"languages: C++, C#, Java, Node.js, JSON, PHP, Perl, Python, Ruby on Rails, Pig/Hive; Migration Techniques, Resiliency 2+..."
https://kr.indeed.com/viewjob?jk=db9ecc3c3610b72e,펌웨어&소프트웨어 및 웹 프로그래머 경력사원,과학기술분석센타 대전 유성구,"연봉 30,000,000원 - 35,000,000원",앱 개발 - 환경측정장비 무선통신시스템 관리 및 유지보수 우대요건 - JAVA / PHP / HTML / Python 활용 가능자 - 안드로이드 모바일 앱 개발 가능자 [근무시간 및 형태] 주 5일 근무 (오전) 9시 00분...
https://kr.indeed.com/viewjob?jk=09575a6245b07153,Data Scientist,Nova Measuring Instruments 경기도 화성,,long periods of time (up to 1 month each time). Programming – python proficient. Machine learning and data science experience...
https://kr.indeed.com/viewjob?jk=87c135b3e853872d,(주)엘솔루 웹 개발자,㈜엘솔루 서울,,Stack 개발 유경험자. Javascript / React / Python / NodeJS 개발 유경험자 Node.js 개발 유경험자 HTML 5... ㆍJavascript / React / Python / 인터넷·IT·통신...
https://kr.indeed.com/viewjob?jk=75c69093d9d3fd18,하이테크(대졸자 취업연계)과정 (ICT·바이오 분야),한국폴리텍대학분당융합기술교육원 성남 분당구,,로그래머>머신러닝(ML)|인터넷·IT·통신·모바일·게임>응용프로그래머> Python|인터넷·IT·통신·모바일·게임>응용프로그래머>증강현실(AR)|인터넷... 게임>빅데이터·AI(인공지능)> Python|인터넷·IT·통신·모바일·게임...
https://kr.indeed.com/viewjob?jk=71c47ac87bb4087e,기술 인턴 인공지능 응용 연구/개발 인턴,써로마인드로보틱스 서울 관악구,,"6개월) (협의) *모집 절차: 서류 à인터뷰(오프라인) *지원 자격: 프로그래밍 언어 활용 능력: Python, C, C++ 중 1가지 이상 데이터구조, 알고리즘 과목 이수 머신러닝과 딥러닝의 기본 개념 이해 머신러닝..."
https://kr.indeed.com/viewjob?jk=c7d3e27d85495e80,Data Scientist,뱅크샐러드 서울 영등포구,,"기반 예측, 모델링 프로젝트 경험자 데이터 분석/모델링을 위한 언어 및 프레임워크 사용에 익숙하신 분 ( Python, R, SQL, Pandas, TensorFlow, Pytorch, Spark 등) 회사 내부 구성원들과..."
https://kr.indeed.com/viewjob?jk=29767317149347b1,Engineering IT 분야 경력채용 공고,삼성엔지니어링 3.8 서울 서초동,,"비동기, 메시지 아키텍처 설계 경험 보유 - 관련분야 전공자 및 자격증 보유 · C#, Java, Python, Node.js, React, Vue.js, Angular 등 - 비즈니스 영어회화 능통자 지원..."
https://kr.indeed.com/viewjob?jk=02f450f1246c5489,[서울지사][던파모바일2D] 서버 빌드 담당자,네오플 제주도,,"C/C++ 사용이 능숙하신 분 우대사항 - DevOps 관련 경험 - 하나 이상의 스크립트 언어 ( Python, PowerShell, Bash, Groovy… )에 능숙하신 분 - Windows/Linux 서버 운영체제에..."
https://kr.indeed.com/viewjob?jk=649ccf047c868778,"금융 데이터 분석 엔진, 로보어드바이저 개발자",에스비씨엔 서울 영등포구,,"시스템, 머신러닝, 자연어처리. 패턴분석 - 다음 언어에서 최소 한 가지 이상 능숙자: Java, C++, Python, JavaScript 우대사항 - 석사이상 컴퓨터공학 (Computer Science) 분야 또는..."
https://kr.indeed.com/viewjob?jk=76e900896b713fa1,(주)엘솔루 웹 프로그래머,㈜엘솔루 서울,,그래머>웹개발|인터넷·IT·통신·모바일·게임>웹프로그래머>JAVA|인터넷·IT·통신·모바일·게임>웹프로그래머> Python|경영·인사·총무·사무>경영·기획·전략>경영기획|경영·인사·총무·사무>경영·기획·전략>사업기획|경영·인사...
https://kr.indeed.com/viewjob?jk=2cfd15907402c5cc,DGIST 제2차 계약직 연구원 채용공고,대구경북과학기술원 대구 현풍면,,천원 이내 수행 내용 Machine learning (Deep learning) 알고리즘 개발 Python/Tensorflow 프로그래밍 Matlab/simulink 모의실험 자율주행 자동차 혹은 전문 서비...
https://kr.indeed.com/viewjob?jk=579eafbb0f697ca7,품질센터 인재 Pool 등록 (6월 경력),LG에너지솔루션 청주 오창읍,,"Minitab, SPSS, SAS 등) or 프로그래밍 언어 (R, Python, Visual Basic 등)에 대한 경험 - 6σ MBB, CRE... 등) or 프로그래밍 언어(R, Python, Visual Basic 등..."
https://kr.indeed.com/viewjob?jk=83ceb3ca58e3b671,빅데이터 분석 인력,인사이트마이닝 대전 유성구,"월급 1,850,000원","데이터 분석 등의 업무를 담당하게 됩니다.주로 사용하는 프로그램은 데이터 분석을 위한 오픈소스 기반의 R과 Python이며, 보고서 작성을 위해서는 한글, 강의 콘텐츠 개발에는 한글과 파워포인트입니다.데이터분석에 경험이 있으..."
https://kr.indeed.com/viewjob?jk=cf261b521e02b045,[한국자산평가] 인턴,한국자산평가 서울 종로구,,인터넷·IT·통신·모바일·게임>응용프로그래머>C·C++|인터넷·IT·통신·모바일·게임>응용프로그래머> Python|인터넷·IT·통신·모바일·게임>네트워크·서버·보안>Windows계열 서버운영·관리|인터넷·IT·통신·모바일·게임...
https://kr.indeed.com/viewjob?jk=918468d6e12a17e8,네트워크 엔지니어링,NHN 4.4 성남 판교역,,"관리 도구 개발/운영 - 관련학과 졸업 후, 경력 3년 이상 - 리눅스 환경 개발 경력 2년 이상 - Python, Django, Javascript 관련 개발 경험 - CCNA 또는 JNCIA 이상의 자격증 보유..."
https://kr.indeed.com/viewjob?jk=e4e7e2e0d73f981f,Data Scientist,Barbaricum 경기도 평택,,"Tools, and Techniques Demonstrated proficiency with R or Python, and SQL to manipulate data and draw insights from large..."
https://kr.indeed.com/viewjob?jk=be6c1f03fa566f8e,추천 시스템 연구/개발,카카오 4.0 성남 판교역,,"분야 석사 또는 박사 학위 소지자 적어도 하나 이상의 능숙한 프로그래밍 언어가 있으신 분 우대사항 Python, C++, GPU 프로그래밍 숙련자 TensorFlow, PyTorch, implicit 등 머신러닝/추천..."
https://kr.indeed.com/viewjob?jk=bfe0f5ac4f32ec89,추천 통계분석/데이터사이언티스트,카카오 4.0 성남 판교역,,"통계, 수학 관련 분야의 석사 또는 박사 학위 소지자 숙련된 데이터분석 능력 데이터 사이언스를 위한 언어( Python/R) 를 하나 이상 능숙하게 다룰 수 있으신 분 분석 결과를 설득력있게 전달할 수 있는 분 우대사항..."
https://kr.indeed.com/viewjob?jk=2b7c67c7f1fe78ff,PI&CS Engineer (Process Information & Co...,3M 4.0 전라남도,,"manufacturing applications Experience in language like C#, Python, Java, Java Script(one or more) Be fond of learning..."
https://kr.indeed.com/viewjob?jk=7242281325de7ab5,Senior AI-SDS Brightics (Korea),FPT Software 대한민국,,"experience with statistics. Programming experience, ideally in Python, Spark, Kafka or Java... willingness to learn new..."
https://kr.indeed.com/viewjob?jk=e8a4630bec0783e8,2021 Market Data Analyst - Seoul,Bloomberg 서울,,"work experience using one more programming language... Python, SQL and R Fluency in Korean and English (both spoken..."
https://kr.indeed.com/viewjob?jk=1bf0770faeb6927a,"SW⑦ - OpenAPI, 클라우드 serverless 개발 전문가",LG전자 3.8 경기도 오산,,"설계 및 개발 경험자 3. 기타 사항 - 언어 : 영어 TS lv.5 이상 - Javascript, python, node.js, react.js, vue.js, MS SQL, Flask, Express, MS Azure..."
https://kr.indeed.com/viewjob?jk=df21e3bb5d773616,Python Programmer,Mofac 서울 서초구,,개발 – JAVA 프로그래밍(라이브러리 활용) – Spring 프레임 워크 개발 – Python API 프로그래밍 우대사항 – Python 개발 경험 – Open Source 라이브러리 개발경험 – Web 표준에 대한 경험...
https://kr.indeed.com/viewjob?jk=04d685fc70b67d4e,Linux/Python/PHP/MySQL/백엔드 정규직 경력,일루미나리안 용인 보정동,,"보유 - DBMS(MySQL or MariaDB), scripting Language: bash, python, OOP 언어 중 가능자 - Back-End 서버를 개발해 보신 분 [우대사항] - Go(aka GoLang..."
https://kr.indeed.com/viewjob?jk=683da07387e5f594,사업전략 국내 유명 앱서비스 플랫폼기업,경기도,,"매출 및 비용항목 등 기업회계 개념에 대한 이해 * 우대사항 - 데이터분석툴(SQL, Tableau, Python 등)의 활용 가능 - 비즈니스 영어 가능자 - 모바일 게임앱 등 디지털컨텐츠 업계 경력 기타정보 담당..."
https://kr.indeed.com/viewjob?jk=23181b6977eeccbe,"딥러닝 솔루션 개발자 (이미지, 자연어, 시계열 데이터)",엔셀 성남 분당구,,모바일·게임>빅데이터·AI(인공지능)>인공지능(AI)|인터넷·IT·통신·모바일·게임>빅데이터·AI(인공지능)> Python|인터넷·IT·통신·모바일·게임>빅데이터·AI(인공지능)>머신러닝|인터넷·IT·통신·모바일·게임>빅데이터...
https://kr.indeed.com/viewjob?jk=05aa5498d84c58e1,데이터 엔지니어(신입/경력),쏘카 제주도 제주,,"있는 분 • 데이터 분석팀 및 유관 부서와의 원활한 소통을 위한 기본적인 쿼리 작성 능력을 갖춘 분 • Python 또는 Java, Scala, C++, C# 등의 언어를 최소 1개 이상 능숙하게 사용할 수 있는 분 • 대용..."
https://kr.indeed.com/viewjob?jk=2b2dcd3ffe3d53df,카카오 데이터의 가치를 발굴할 데이터 분석가 모집,카카오 4.0 성남 판교역,,"기술 통계량 이해 및 해석) 데이터 분석 업무를 수행할 수 있는 언어 스킬 필수 SQL 필수 R 또는 Python을 다룰 수 있는 분 (SAS, SPSS, GA, tableau 등 통계 툴만 사용 가능한 경우 제외) 하둡..."
https://kr.indeed.com/viewjob?jk=2f825c8f29d02006,[국비지원/자격취득과정] 글로벌 ICT전문가 양성과정 5기,제이에스엘인재개발원 대전 중구,,통신·모바일·게임>빅데이터·AI(인공지능)>데이터분석|인터넷·IT·통신·모바일·게임>빅데이터·AI(인공지능)> Python|인터넷·IT·통신·모바일·게임>빅데이터·AI(인공지능)>머신러닝|인터넷·IT·통신·모바일·게임>빅데이터...
https://kr.indeed.com/viewjob?jk=07375dc4e800dfa9,추천 시스템 소프트웨어 엔지니어,카카오 4.0 성남 판교역,,"관련 업무 경험자 우대사항 운영체제, 네트워크, 컴파일러, 데이터베이스에 대한 이해가 깊으신 분 Python, C++, GPU 프로그래밍 숙련자 대용량/실시간 서비스 개발/운영 경험이 많으신 분 ICPC/TopCoder..."
https://kr.indeed.com/viewjob?jk=55a19c92c845685e,Developer / Designer recruit,마이뮤직테이스트 서울 논현동,,"language (i.e Python, Ruby, Java, .Net... High proficiency in Python... knowledge... least one Python web framework..."
https://kr.indeed.com/viewjob?jk=e03c3db92d5c1291,"백엔드, 웹개발 경력 정규직 - 스타트업/워라밸/수평문화/연봉최대협의",티에스커리어 안양 동안구,"연봉 40,000,000원 - 50,000,000원","mindhub.aiJob Description◎ 채용제목백엔드 개발자 채용◎ 자격요건- Node.js 또는 python 개발자- React.js, Vue.js, Flask, Django 중 1가지 경험자- REST-API..."
https://kr.indeed.com/viewjob?jk=bc1be4ffc953c21a,Quality Engineer 반월공장 (Precursor & Speci...,Merck KGaA Darmstadt Germany 경기도 안산,,"analysis. Background in programming ( Python, Java script, SQL) is preferred... preferred ( Python, Java script, SQL..."
https://kr.indeed.com/viewjob?jk=47209d0b3b717673,꿈꾸는 개발자 데뷔코스 싹(SSAC) 3기 교육생,재단법인 서울산업진흥원 서울 영등포구,,로그래머>머신러닝(ML)|인터넷·IT·통신·모바일·게임>응용프로그래머> Python|인터넷·IT·통신·모바일·게임>응용프로그래머>증강현실(AR)|인터넷... 통신·모바일·게임>웹프로그래머> Python|인터넷·IT·통신·모바일·게임...
https://kr.indeed.com/viewjob?jk=ac9068957c550cb3,데이터 전문가(모델러/분석가/엔지니어) 모집,카카오 4.0 성남 판교역,,대용량 데이터를 효율적으로 사용하기 위한 기반 데이터 가공 지원자격 데이터 사이언스를 위한 언어(R/ Python/Scala) 및 도구(scikit-learn/Spark MLlib/Tensorflow/Pytorch 등)를...
https://kr.indeed.com/viewjob?jk=a2dda96256a7770c,[EY컨설팅] 금융컨설팅본부 리스크관리 경력 컨설턴트 모집,Ernst & Young 4.0 대한민국,,"국내외 금융기관 리스크관리 컨설팅 또는 여신업무 프로세스 개선(PI) 컨설팅 경험 - SAS, SQL, Python, R 등을 활용한 데이터분석 역량 보유자 우대 - 관련 자격증 소지자 (FRM 등) 우대 - 외국어..."
https://kr.indeed.com/viewjob?jk=6aebabcddef7f514,Field Application Engineer,Nearfield Instruments 경기도 용인,,"troubleshooting. Preferably to have coding capability (Matlab, Python...etc... data analysis, visualization, and algorithm..."
https://kr.indeed.com/viewjob?jk=87309d3ff40ead61,딥러닝 AI 개발 연구원,베이리스 성남 수정구,,시스템프로그래머>임베디드(Embedded)|인터넷·IT·통신·모바일·게임>응용프로그래머>C·C++|인터넷·IT·통신·모바일·게임>응용프로그래머>Linux|인터넷·IT·통신·모바일·게임>빅데이터·AI(인공지능)> Python
https://kr.indeed.com/viewjob?jk=d17da0baecf05910,데이터 분야 경력,LG CNS 3.7 서울,,"해가 뛰어난 자 - R, Python, SAS, SQL 등 활용 역량 우대사항(해당 내용 중 1개 이상) - ML/DL 경험 인력 우대 - 관련 분야 석사 이상 학위 소지자 우대 - R, Python등 데이터분석 모델링 경험..."
https://kr.indeed.com/viewjob?jk=81bcf60373954683,2021년 하반기 신입사원,비아이매트릭스 서울 강남구,,"후 지원해 주세요. (주)비아이매트릭스_자사양식.docx 지원양식 자사양식 직무/산업 직무별(직종) 웹프로그래머JSP, JAVA, Python 응용프로그래머전산전공, C 산업별(업종) 솔루션.ASP.소프트웨어 소프트웨어개발"
https://kr.indeed.com/viewjob?jk=a4015a0d112e9569,프론트엔드 정규직,바이오에이아이 서울 강남구,,"프론트 엔드 구현 - DB 구축 - 신규 기능 개발 및 반영, 지속적인 개선 및 유지 보수 자격 조건 - Python, Django - RDBMS 경험 - UI개발 경험 우대 사항 - 딥러닝에 관심있으신 분 - 단위 테스트..."
https://kr.indeed.com/viewjob?jk=db26147e9223e38a,[L'Oreal Korea] IT Business Analyst,L'Oreal 4.1 서울,,"outcomes Proficiency in SQL Proficiency... least one of Python (preferred), Java, or C++ Strong understanding and hands..."
https://kr.indeed.com/viewjob?jk=aeb47694b1e660ff,[L'Oreal Korea] Data Analyst,L'Oreal 4.1 서울,,achieve target outcomes Proficiency in SQL and one of Python or R Strong understanding and hands-on experience in data...
https://kr.indeed.com/viewjob?jk=d83fc0dd2641f483,전문연구요원 (병역특례) 수시 (AI / SW 분야),딥엑스 성남 분당구,"연봉 40,000,000원 - 100,000,000원",요구 능력] - ASM/C/C++/ Python 언어 코딩 기술 - 운영체제... 경험 - Windows/Linux 상에서 C++/ Python 언어 사용 개발 경험 - C++ / Python 언어 사용 개발 경험 - 객체지향 설계에...
https://kr.indeed.com/viewjob?jk=84fd9f9deb6105b0,"웹개발, Python 외 신입/경력 계약직",쿠바로엠앤씨 서울 강서구,,"주식회사 쿠바로엠앤씨 웹개발, Python 외 신입/경력 계약직 채용 모집... 게임>웹프로그래머>웹개발|인터넷·IT·통신·모바일·게임>웹프로그래머> Python|인터넷·IT·통신·모바일·게임>웹프로그래머>백엔드|인터넷·IT·통신..."
https://kr.indeed.com/viewjob?jk=d17da0baecf05910,데이터 분야 경력,LG CNS 3.7 서울,,"해가 뛰어난 자 - R, Python, SAS, SQL 등 활용 역량 우대사항(해당 내용 중 1개 이상) - ML/DL 경험 인력 우대 - 관련 분야 석사 이상 학위 소지자 우대 - R, Python등 데이터분석 모델링 경험..."
https://kr.indeed.com/viewjob?jk=a38c881248da7e5e,[취업연계] 파이썬 활용 빅데이터 분석 전문가 양성과정 훈련생,한국산업기술협회 서울 금천구,,게임>빅데이터·AI(인공지능)> Python|인터넷·IT·통신·모바일·게임... 응용프로그래머> Python|인터넷·IT·통신·모바일·게임>웹프로그래머>JAVA|인터넷·IT·통신·모바일·게임>웹프로그래머> Python|전자·기계·기술...
https://kr.indeed.com/viewjob?jk=59db18a2366b2c92,AI 분야 박사,LG CNS 3.7 서울,,"이상 (AI 관련 논문 발표) ② AI/딥러닝 알고리즘 연구개발 프로젝트 경험 ③ Ubuntu Linux, Python, Tensorflow, PyTorch 사용 중상급 이상 우대사항(해당 내용 중 1개 이상) ① AI/머신..."
https://kr.indeed.com/viewjob?jk=7ade77cb94b015df,춘천성심병원 인공지능센터 채용 공고,한림대학교춘천성심병원 강원도 춘천,,데이터 구축 및 관리 데이터 수집 파이프라인 구축 및 표준화 데이터 분석 및 python 코딩 CDM 매핑 관련 업무 석사 학위 취득자 python 딥러닝 코딩 가능자 CDM 경험자 우대 서버관리 경험자 우대 계약직 2...
https://kr.indeed.com/viewjob?jk=b4f45d77c03e9c0e,"Cloud Operations Engineer, APAC",Canonical - Jobs 서울,,scale... pure Python infra-as-code... Our cloud operations engineers bring Python software-engineering skills and rigour...
https://kr.indeed.com/viewjob?jk=2ad85b06dc1bc1a4,Software Quality Engineer,Electronic Arts 서울,,"development process improvements Scripting experience with Python, Shell Scripts, Ruby. Preferences: Familiarity..."
https://kr.indeed.com/viewjob?jk=cae2de07045cfb2b,"Java, Python 영상툴 개발자",에이아이메이커 서울 마곡동,,원하면 가능) 담당업무 - 영상 라벨링 Tool 개발 - Tool 정확성 개선 자격요건 - Java - Python 우대사항 - 관련 개발 경력 - 툴개발 경력 근무조건 - 월~금 AM9:30 ~ PM18:30 복지...
https://kr.indeed.com/viewjob?jk=464ad076ec3e1fa0,CHC – Business intelligence - TOM_2136,Sanofi 4.1 서울,,"degree in related field Business-level experience with R, Python Experience owning the analytics and performance of a large..."
https://kr.indeed.com/viewjob?jk=970b39a3e7de61d6,IT기획 경력사원,S&I Corp. 서울 강서구,,"5년 이상 (IT기획, 프로젝트 PM/PL, 개발경력 등) - 자격 : 컴퓨터 언어 활용능력 보유 (JAVA, PYTHON) : 데이터베이스(RDBMS) 활용능력 보유 - 우대사항 : IT 예산(HW,SW,인건비) 수립 경험..."
https://kr.indeed.com/viewjob?jk=11e1d4d95297c9f7,한림대학교성심병원 빅데이터센터 경력직 채용공고,한림대학교성심병원 대한민국,,"가. 관련업무 학사 이상 학위 취득자(대졸 이상 4년) 나. NoSQL, Oracle, Sybase, R, Python 가능자 우대 다. Common Data Model 경험자 우대 라. 서버관리/정보보안, 텍스트마이닝 경험..."
https://kr.indeed.com/viewjob?jk=36df1dfea186e63e,BIOS/Firmware Engineer,Intel 4.1 서울,,"years experience required on BIOS/Firmware - Knowledge of C, Python... other programming or scripting languages - Broad..."
https://kr.indeed.com/viewjob?jk=c130ad24ffc25b72,기술연구소 (AI연구 및 Python개발 / 드론 영상처리),선영종합엔지니어링 고양 덕양구,,어링 기술연구소 (AI연구 및 Python개발 / 드론 영상처리) 채용 4... 프로그래밍 ㆍBig Data 활용 및 Smart plant ㆍR 및 Python 기반 프로그램 개발 ㆍ정부출연사업 제안서 작성 [근무부서 및 직급...
https://kr.indeed.com/viewjob?jk=0e8c9121e92a0c74,"웹개발 경력자 (Python Django, 연봉 4,500~8,000만원...",미라클핀테크 서울 서초구,"연봉 45,000,000원 - 80,000,000원","1) 전자 관련 학과, 정보통신 관련 학과, 정보보호 또는 정보처리기술 관련 학과 2) 경력 4년 이상 인터넷·IT·통신·모바일·게임>웹프로그래머>백엔드"
https://kr.indeed.com/viewjob?jk=6fc2719750916dd3,Deep Learning R&D Engineer,Intel 4.1 서울,,MxNet - Strong programming skills with C/C++ and Python - Experiences in programming and testing on Linux environment...
https://kr.indeed.com/viewjob?jk=3d0cc83899a9b37f,[위메프서비스] CI/CD 엔지니어(정규직),위메프 2.8 대한민국,,"배포 경험이 있는 분 [우대사항] - kubernetes 기반 서비스 운영경험이 있는 분 - JAVA, python 등 웹어플리케이션용 개발언어 1개 이상 경험이 있는 분 - 네트워크, 리눅스 기반 관련 지식 보유한 분..."
https://kr.indeed.com/viewjob?jk=0c09254fab96033b,[PUBG Revenue Analytics Team] Data Analy...,PUBG 서울,,"소통 자격 요건 관련 경력 2년 이상 통계/수학/프로그래밍을 비롯한 quantitative 영역 전공자 Python, SQL 혹은 실무에서의 프로그래밍 언어 활용 경험 커뮤니케이션 능력이 좋으신 분 PUBG 게임을 좋아하..."
https://kr.indeed.com/viewjob?jk=74d9e045373f89e2,데이터분석 전문인력 채용 (Data Scientist),한화그룹 4.2 서울,,통계 등 관련 분야 석사학위 이상이신 분 2) 모집 직무 관련 업무경험을 3년 이하로 보유하신 분 3) Python 또는 R 등 분석언어에 능숙하신 분 전형 절차 1) 전형절차: 지원서접수 서류전형(7월 중) 1차면접(7월말...
https://kr.indeed.com/viewjob?jk=fb3c542f0048b0f9,Software Engineer,Roku 서울,,"languages: C/C++, Python Knowledge... 분 적어도하나 이상의 컴퓨터 언어에 대한 경험이 있는 분(C/C++, Python) 네트웍과멀티스레딩 프로그래밍에 지식이 있으신 분 Data..."
https://kr.indeed.com/viewjob?jk=a621e7d486f97ea5,2021 ICT 이노베이션 블록체인&AI 교육생,재단법인경남테크노파크 창원 마산회원구,,게임>빅데이터·AI(인공지능)> Python|인터넷·IT·통신·모바일·게임... 로그래머>인공지능(AI)|인터넷·IT·통신·모바일·게임>응용프로그래머> Python|인터넷·IT·통신·모바일·게임>응용프로그래머>머신러닝(ML)|인터넷...
https://kr.indeed.com/viewjob?jk=04d685fc70b67d4e,Linux/Python/PHP/MySQL/백엔드 정규직 경력,일루미나리안 용인 보정동,,"보유 - DBMS(MySQL or MariaDB), scripting Language: bash, python, OOP 언어 중 가능자 - Back-End 서버를 개발해 보신 분 [우대사항] - Go(aka GoLang..."
https://kr.indeed.com/viewjob?jk=05b7596f44f7da50,Advanced Support Engineer / Cloud Expert,Oracle 3.8 서울,,"PaaS, SaaS) model • Knowledge of Open Source Software like Docker, Python, Kubernetes, Ansible, Jenkins, Corosync, Pacemaker..."
https://kr.indeed.com/viewjob?jk=c6cbe4d8dd9afcb1,사내 및 서비스 보안 담당자 (경력),네오위즈 대한민국,,"있는 분 - IDS / IPS 패턴 분석 및 Rule 개발 경력이 있는 분 - 각종 스크립트 언어(Perl, Python, shell script 등)의 활용 능력을 갖춘 분 모집기간 채용시 마감 고용형태 정규직"
https://kr.indeed.com/viewjob?jk=2c3b43a0a590b49c,[전액국비무료] AI 기술 자연어 처리 전문가 양성과정 1기,구름 성남 분당구,,통신·모바일·게임>빅데이터·AI(인공지능)>데이터분석|인터넷·IT·통신·모바일·게임>빅데이터·AI(인공지능)> Python|인터넷·IT·통신·모바일·게임>빅데이터·AI(인공지능)>머신러닝|인터넷·IT·통신·모바일·게임>빅데이터...
https://kr.indeed.com/viewjob?jk=e300886f29c7181e,빅데이터 서비스개발을 위한 데이터엔지니어 모집,엔씨소프트 2.7 성남 판교역,,파일 구조 지식 보유자 우대사항 - Hadoop 및 Hive 관련 개발 경험 및 지식 보유자 우대 - Python 및 SQL 기반 데이터 분석 가능자 우대 - 데이터 관련 서비스 개발 경험 제출서류 경력기술서(필수) 전형단...
https://kr.indeed.com/viewjob?jk=32df0f890a9d577b,"드론솔루션 (아두이노 등 ICT SW, 드론 HW제작, 드론쇼핑몰)",탱고드론 성남 분당구,"연봉 25,000,000원 - 30,000,000원",어개발자|인터넷·IT·통신·모바일·게임>응용프로그래머>C·C++|인터넷·IT·통신·모바일·게임>응용프로그래머> Python|인터넷·IT·통신·모바일·게임>시스템프로그래머>임베디드(Embedded)|인터넷·IT·통신·모바일·게임...
https://kr.indeed.com/viewjob?jk=1e974ff27c6eb340,Autonomous Driving 분야 엔지니어,포티투닷 서울 강남구,,"프로그래밍 기술 (C/C++, Python 등) - 이동 로봇/드론 관련... platform 개발 경험 - 뛰어난 프로그래밍 기술 (C/C++, Python) - 3D geometry, math, physics 관련 경험 및..."
https://kr.indeed.com/viewjob?jk=8a3db4f640b539e3,[스타랩스] WEB 개발자 정규직,스타랩스 서울 강남구,,수 있습니다. 인터넷·IT·통신·모바일·게임>웹프로그래머>웹개발|인터넷·IT·통신·모바일·게임>웹프로그래머>JAVA|인터넷·IT·통신·모바일·게임>웹프로그래머> Python|인터넷·IT·통신·모바일·게임>웹프로그래머>백엔드
https://kr.indeed.com/viewjob?jk=3c2bf0ec25a85c9f,"Senior Analyst - Data Science, Marketing...",McKinsey & Company 4.3 서울,,mathematics) 4+ years of experience working with SQL and Python or R programming Ability to manage and query large databases...
https://kr.indeed.com/viewjob?jk=df1ca261998e19b1,디지털 로직설계,LG전자 3.8 서울 서초구,,컨트롤러 설계 경험 - System Verilog를 사용한 설계 경험 - FPGA 이용한 검증 경험 - Python 코딩 역량 보유자 3. 입사 후 담당 업무 - 메모리 인터페이스 컨트롤러 설계 업무 : 디지털 로직 설계 및...
https://kr.indeed.com/viewjob?jk=78c8907f49ae8c52,Data Scientist 경력인재 - 글로벌 우량대기업,에스에프인촌 서울,,모바일·게임>빅데이터·AI(인공지능)>데이터분석|인터넷·IT·통신·모바일·게임>빅데이터·AI(인공지능)> Python|인터넷·IT·통신·모바일·게임>빅데이터·AI(인공지능)>데이터시각화디자이너|인터넷·IT·통신·모바일·게임...
https://kr.indeed.com/viewjob?jk=f971c284b5403203,2021년 한국도로공사 전문직(데이터분석전문가),한국도로공사 경상북도,,"년 이상 해당분야 경력이 있는 자 - 해당분야 학사학위 취득 후 6년 이상 해당분야 경력이 있는 자 3. Python, R, Java 등 1개 이상의 프로그래밍 능력 보유자 결격사유 제8조 (결격사유) 다음 각호의 1에 해당..."
https://kr.indeed.com/viewjob?jk=368e303e15b6bdb7,AI Engineer,GE Appliances 경기도 성남,,"lite, TensorRT. 5+ years of programming experience in Python, C/C++ Experiences working on deep learning model optimization..."
https://kr.indeed.com/viewjob?jk=711f285ff8ff2fc7,백엔드 정규직,블루비커 서울 중구,,"서비스 신규개발, 유지보수, 최적화, 성능 개선- 기술문서 작성- 기획, 프론트엔드와 협업 [자격요건]- Python 혹은 .NET 전문성 보유- API, 데이터 통신 설계 가능하신 분- AWS/Azure Serverless..."
https://kr.indeed.com/viewjob?jk=cfc6c4d6a4cd83bd,Senior Analyst - Data Analytics,McKinsey & Company 4.3 서울,,"skills with python, R Knowledge... suited... business problem (using Python, SAS, SQL, R and other relevant tools..."
https://kr.indeed.com/viewjob?jk=15d062b3ca01d772,Technical Solutions Engineer,MightyHive 서울,,"Used Node.js, Python, Flask GitHub... Amplitude) 영업, 지원, 컨설팅, 사업 개발 경험 Python and R 을 활용한 데이터 분석 Machine Learning..."
https://kr.indeed.com/viewjob?jk=f08df526279aeafc,"Site Reliability Engineer, APAC",Canonical - Jobs 서울,,maintaining enterprise open-source software solutions Python software development experience... large projects Strong...
https://kr.indeed.com/viewjob?jk=dee1c9e840dc5691,Staff Field Applications Engineer,Dolby 서울,,"Dolby’s ecosystem, products, business, and customers. Python coding skills. Interest in music, game/film audio or video..."
https://kr.indeed.com/viewjob?jk=1d89fe4b37ab05ed,"데이터마이닝, 빅데이터 큐레이터 외 신입/경력 정규직",에임즈인터내셔널코리아 서울 강남구,,"있거나 이에 준하는 실질적인 기술 경력 -데이터를 다루기 위한 Python 혹은 R 등의 프로그래밍 능력 -SQL의 사용 능력 -데이터를 다루기 위한 Python, R, Java 중 1개의 프로그래밍 능력 -대용량 데이터..."
https://kr.indeed.com/viewjob?jk=87c135b3e853872d,(주)엘솔루 웹 개발자,㈜엘솔루 서울,,Stack 개발 유경험자. Javascript / React / Python / NodeJS 개발 유경험자 Node.js 개발 유경험자 HTML 5... ㆍJavascript / React / Python / 인터넷·IT·통신...
https://kr.indeed.com/viewjob?jk=56ae562b9563988d,Cognitive and AI Engineer,IBM 3.9 서울,,"data science skills : Machine Learning, Deep Learning, Watson, Python, R, Spark Web application development skills Required..."
https://kr.indeed.com/viewjob?jk=bb5ae480fe3200b9,Data Scientist,IBM 3.9 서울,,"skills in Python, and ideally in other languages like R, SQL, Hive Sql, C++ • Hands-on experience with Python libraries..."
https://kr.indeed.com/viewjob?jk=d8a8869ab092f731,데이터 엔지니어 및 사이언티스트,카카오 4.0 성남 판교역,,"등 데이터 엔지니어와 사이언티스트의 업무를 경계 없이 수행하게 됩니다. 지원자격 개발 경력 3년 이상 Python, Scala, Java, C++ 중 하나 이상의 언어에 능통 SQL 또는 HiveQL에 능통 대용량 데이..."
https://kr.indeed.com/viewjob?jk=8ebb79249fae744f,Data Engineer - IBM Garage,IBM 3.9 서울,,"Competitive products Deep skills on Data Warehouse, ETL, Python, Java and related algorithms. Expert Level – SQL, NoSQL..."
https://kr.indeed.com/viewjob?jk=ce71ff104d7e911f,"[대기업] 딥러닝(AI) 영상분석(영상인식, 얼굴인식)",비에이블컨설팅그룹 서울,,공지능)>딥러닝|인터넷·IT·통신·모바일·게임>빅데이터·AI(인공지능)> Python|인터넷·IT·통신·모바일·게임>빅데이터·AI(인공지능)>데이터분석... 통신·모바일·게임>응용프로그래머> Python|인터넷·IT·통신·모바일·게임...
https://kr.indeed.com/viewjob?jk=55a19c92c845685e,Developer / Designer recruit,마이뮤직테이스트 서울 논현동,,"language (i.e Python, Ruby, Java, .Net... High proficiency in Python... knowledge... least one Python web framework..."
https://kr.indeed.com/viewjob?jk=07375dc4e800dfa9,추천 시스템 소프트웨어 엔지니어,카카오 4.0 성남 판교역,,"관련 업무 경험자 우대사항 운영체제, 네트워크, 컴파일러, 데이터베이스에 대한 이해가 깊으신 분 Python, C++, GPU 프로그래밍 숙련자 대용량/실시간 서비스 개발/운영 경험이 많으신 분 ICPC/TopCoder..."
https://kr.indeed.com/viewjob?jk=d736ed8b3142b924,Software Engineer - Embedded,GE Appliances 경기도 성남,,"C (must have) and C++(optional), lua(optional), python(optional) and Object Oriented Programming. Deep knowledge..."
https://kr.indeed.com/viewjob?jk=48503549ae54060e,빅데이터 분야 인재,웨이플러스 제주 제주시,"월급 2,300,000원",통신·모바일·게임>빅데이터·AI(인공지능)>챗봇|인터넷·IT·통신·모바일·게임>빅데이터·AI(인공지능)> Python|인터넷·IT·통신·모바일·게임>웹기획·웹마케팅·PM>웹기획|인터넷·IT·통신·모바일·게임>웹기획·웹마케팅...
https://kr.indeed.com/viewjob?jk=79ac23969bbd20ba,Computer Vision 개발자,인텔리코리아 서울 금천구,,채용이 취소될 수 있습니다. 인터넷·IT·통신·모바일·게임>빅데이터·AI(인공지능)>머신러닝|인터넷·IT·통신·모바일·게임>빅데이터·AI(인공지능)>딥러닝|인터넷·IT·통신·모바일·게임>빅데이터·AI(인공지능)> Python
https://kr.indeed.com/viewjob?jk=f7bc5590b9cd2cee,[부산 IT 무료 교육]자바·모바일 실무개발자 네트워크·파이썬 실무 전문...,아이티윌 부산교육센터 부산 부산진구,,통신·모바일·게임>웹프로그래머>백엔드|인터넷·IT·통신·모바일·게임>응용프로그래머>Android|인터넷·IT·통신·모바일·게임>빅데이터·AI(인공지능)> Python|인터넷·IT·통신·모바일·게임>빅데이터·AI(인공지능)>R
https://kr.indeed.com/viewjob?jk=69b1380f0d280394,스마트폰 어플리케이션 App 개발에 관심많은 전산팀원,슈카 서울 용산구,,경우 채용이 취소될 수 있습니다. 인터넷·IT·통신·모바일·게임>통신·모바일>스마트폰 어플리케이션(App)|인터넷·IT·통신·모바일·게임>웹프로그래머> Python|인터넷·IT·통신·모바일·게임>응용프로그래머>Android
https://kr.indeed.com/viewjob?jk=edf8d34357ba0747,Web Full-Stack Engineer,NVIDIA 서울,,related field. Proficiency in one of Java/Typescript/ Python programming languages. Familiarity with front-end frameworks...
https://kr.indeed.com/viewjob?jk=7bb7412bddcd3783,[연계/무료교육] 2021년 소프트웨어 개발자 양성과정 교육생,한국소프트웨어기술진흥협회 서울 송파구,,통신·모바일·게임>빅데이터·AI(인공지능)>데이터분석|인터넷·IT·통신·모바일·게임>빅데이터·AI(인공지능)> Python|인터넷·IT·통신·모바일·게임>빅데이터·AI(인공지능)>머신러닝|인터넷·IT·통신·모바일·게임>빅데이터...
https://kr.indeed.com/viewjob?jk=d31ab9cefeeef71b,[최고인기과정] 게임 각 분야 국비지원 교육 참여자,SGA 서울게임아카데미 서울 종로구,,백엔드|인터넷·IT·통신·모바일·게임>웹프로그래머>프론트엔드|인터넷·IT·통신·모바일·게임>웹프로그래머> Python|인터넷·IT·통신·모바일·게임>응용프로그래머>C·C++|인터넷·IT·통신·모바일·게임>응용프로그래머>JAVA...
https://kr.indeed.com/viewjob?jk=9c73c46ffe8286e9,Ubuntu on WSL Software Engineer,Canonical - Jobs 서울,,"contribution to an open source project. C/C++ and Python experience, preferably with an open-source project. Awareness..."
https://kr.indeed.com/viewjob?jk=1d426913953b0854,클라우드 정보보안 분야 연계 교육생 / 고용노동부 21년 K-Digita...,에이디티캡스 성남 분당구,,통신·모바일·게임>빅데이터·AI(인공지능)>데이터분석|인터넷·IT·통신·모바일·게임>빅데이터·AI(인공지능)> Python|인터넷·IT·통신·모바일·게임>빅데이터·AI(인공지능)>머신러닝|인터넷·IT·통신·모바일·게임>빅데이터...
https://kr.indeed.com/viewjob?jk=507ec3b6e848eea0,Database / Advanced Support Engineer,Oracle 3.8 서울,,MySQL / TimesTen - Docker / Container - Kubernetes - Python Detailed Description and Job Requirements... member...
https://kr.indeed.com/viewjob?jk=99f64e23181ea24a,[부산 IT 무료 교육](디지털컨버전스)전자정부 프레임워크 기반 웹 개발...,아이티윌 부산교육센터 부산 부산진구,,통신·모바일·게임>웹프로그래머>백엔드|인터넷·IT·통신·모바일·게임>응용프로그래머>Android|인터넷·IT·통신·모바일·게임>빅데이터·AI(인공지능)> Python|인터넷·IT·통신·모바일·게임>빅데이터·AI(인공지능)>R
https://kr.indeed.com/viewjob?jk=1502306577f8b10a,"Solutions Architect, Manufacturing Speci...",Amazon Web Services Korea LLC 서울,,"getting hands dirty with code/scripting (e.g., Java, Python, C# / .NET, Node.js). · Business level English for both written..."
https://kr.indeed.com/viewjob?jk=7af64be2575caa06,넷크루즈 전 부문 경력직,넷크루즈 서울 구로구,,능숙자 나. Go 능숙자 다. Python 능숙자 라. 분산 처리 능숙자... 응용프로그래머>JAVA|인터넷·IT·통신·모바일·게임>응용프로그래머> Python|인터넷·IT·통신·모바일·게임>빅데이터·AI(인공지능)> Python
https://kr.indeed.com/viewjob?jk=c9dbf09c49f3bfed,"웹개발, JAVA 외 신입/경력 정규직",디지털원 서울,,모바일·게임>웹프로그래머>JAVA|인터넷·IT·통신·모바일·게임>웹프로그래머>JSP|인터넷·IT·통신·모바일·게임>웹프로그래머> Python|인터넷·IT·통신·모바일·게임>네트워크·서버·보안>Windows계열 서버운영·관리
https://kr.indeed.com/viewjob?jk=a50fce6cc2cb57c9,자연어처리전문가 금융챗봇 만들어 갈 엔지니어,파운트 서울 충정로역,,리에 필요한 알고리즘을 개발하고 Python으로 구현 및 성능 검증을 진행... Description - 자연어 처리에 필요한 알고리즘을 개발하고 Python으로 구현 및 성능 검증을 진행 - 자연어 전처리 (형태소 분석...
https://kr.indeed.com/viewjob?jk=bfe0f5ac4f32ec89,추천 통계분석/데이터사이언티스트,카카오 4.0 성남 판교역,,"통계, 수학 관련 분야의 석사 또는 박사 학위 소지자 숙련된 데이터분석 능력 데이터 사이언스를 위한 언어( Python/R) 를 하나 이상 능숙하게 다룰 수 있으신 분 분석 결과를 설득력있게 전달할 수 있는 분 우대사항..."
https://kr.indeed.com/viewjob?jk=1961cdd73f62c880,"Specialized Solutions Architect III, DW",Amazon Web Services Korea LLC 서울,,"Knowledge... least one or more programing languages... Python, Java and Scala. · Hands on experience leading large..."
https://kr.indeed.com/viewjob?jk=0064deb5fa9cbce0,데이터 사이언티스트 모집,카카오 4.0 성남 판교역,,"양한 실험을 통해 알고리즘을 개선합니다. 지원자격 지원자격 하나 이상의 프로그래밍 언어에 익숙한 분( Python, Java, C/C++, Scala 등) 머신러닝/딥러닝 오픈소스를 이용하여 1년 이상 특정 서비스에 모델..."
https://kr.indeed.com/viewjob?jk=c71c1fa9e0d43937,악성코드 및 엔드포인트 위협 대응 보안 엔지니어 모집,카카오 4.0 성남 판교역,,"발견하고 개선하고자 하는 능동적인 성격 우대사항 API 활용 SOAR 구성 node.js 프레임워크 경험자 Python/Linux shell script 중급 이상 가능자 필독사항 ※ 카카오 테크 직군의 경우, 개발..."
https://kr.indeed.com/viewjob?jk=f227e4e5212e6198,웹개발 및 서버개발자 신입/경력 정규직,큰사람커넥트 서울 구로구,,백엔드|인터넷·IT·통신·모바일·게임>웹프로그래머>프론트엔드|인터넷·IT·통신·모바일·게임>웹프로그래머> Python|인터넷·IT·통신·모바일·게임>빅데이터·AI(인공지능)>딥러닝|인터넷·IT·통신·모바일·게임>빅데이터·AI...
https://kr.indeed.com/viewjob?jk=fec4bd361c177418,Associate Cloud Developer,Amazon Web Services Korea LLC 서울,,"languages: Java, Python, Ruby, Node.js... 동등한 수준의 STEM 관련 분야 학사 학위 혹은 경험 · Java, Python, Ruby, Node.js, C # 또는 C ++ 중 하나 이상의..."
https://kr.indeed.com/viewjob?jk=5c45a3d19019f932,Data Engineer,Soomgo 서울 강남구,,레이크나 웨어하우스 구축 및 운영 경험 • 대용량 트래픽 분산과 처리에 대한 관심 및 경험이 있는 분 • Python 3.6 이상 능숙 • Airflow 또는 Kafka 구축 및 운용 경험 • Google Analytics...
https://kr.indeed.com/viewjob?jk=833a4d9bb5840b70,Senior Data Scientist (Korea),FPT Software 대한민국,,"deploy custom code in a variety of environments ( Python, SAS, R, etc.) to create predictive analytics applications. Use..."
https://kr.indeed.com/viewjob?jk=f95c15f488ce8463,"웹 프론트엔드 개발자(HTML, CSS, Java 등)",한국인사이트연구소 서울 서초구,,"javascript - Python 기본 문법 우대사항 - git 협력... 프론트엔드 개발자격조건: - HTML, CSS- javascript- Python 기본 문법우대사항- git 협력 가능- Django 프로젝트 구조..."
https://kr.indeed.com/viewjob?jk=754be9e3d78fa802,2021년 상반기 R&D 개발자 (병역특례 가능/경력 무관),네오스텍 인천 연수구,,"담당업무: - 블루투스 메시 기반 위치 추적 솔루션 개발 - 상기 솔루션의 임베디드 펌웨어 개발 - C(필수), Python, Javascript 프로그래밍 언어 사용 - 기술 지원 [자격요건] 경력사항: 무관 (신입도 지원..."
https://kr.indeed.com/viewjob?jk=a5c489cddcd4143e,Solutions Architect,Akamai 서울,,"Linux/Unix systems alongside scripting languages... Python, PERL and JavaScript Demonstrate experience in a technical..."
https://kr.indeed.com/viewjob?jk=d017610d9828199c,"드론 데이터 스타트업, 엔젤스윙 엔지니어",엔젤스윙 서울 관악구,,"Ruby on Rails, Python, C++, AWS AWS, GCP... 기반 웹서비스 개발 경험 디버깅, 최적화 스킬 Javascript, Python, C++ 등 개발언어 중 자신있는 언어가 1가지 이상 있으신 분..."
https://kr.indeed.com/viewjob?jk=63d19b43d3b272ca,웹/앱 개발자 신입/경력 정규직,꾼 서울 용산구,"연봉 30,000,000원 - 35,000,000원",니다. 인터넷·IT·통신·모바일·게임>웹프로그래머>웹개발|인터넷·IT·통신·모바일·게임>응용프로그래머>iOS|인터넷·IT·통신·모바일·게임>응용프로그래머>Android|인터넷·IT·통신·모바일·게임>응용프로그래머> Python
https://kr.indeed.com/viewjob?jk=c3fe1cbc5e1ae20b,Technical Support Representative(사원급),IBM 3.9 서울,,"k8s, Cloud, Dev/Ops 등 최신 IT 기술에 대한 학습 및 구현 경험 • Java, Python 등을 활용한 오픈소스 관련 개발 경험 Required Technical and Professional..."
https://kr.indeed.com/viewjob?jk=95946773d4816f0d,"머신러닝, 데이터분석 외 경력 정규직",에임즈인터내셔널코리아 서울 강남구,,"혹은 그에 상응하는 실무 경력 - Python 기반의 머신러닝 프레임워크... SQLAlchemy, OpenCV, pytest -Language: Python, SQL -Github, Yona, Git 0 명 근무조건 고용형태..."
https://kr.indeed.com/viewjob?jk=2b09f13b5790dd69,2021년 한화시스템 방산부문 프로젝트/기간제 엔지니어 채용(상시),한화그룹 4.2 서울,,분야 경험자 [우대 요건] 무인기 GCS 개발 유경험자 SW시험/분석 도구 개발 유경험자 C/C++/C#/ Python/JAVA 프로그래밍 숙련자 0명 판교 한화인1:1문의하기 활용 지휘통제-SW 계약기간 : 입사 시...
https://kr.indeed.com/viewjob?jk=46575205c5afbbc6,유전체연구소 경력직,삼성병원 3.3 서울 강남구,,"기관에서 최소 2년 이상 연구 경력 보유 - Linux 및 프로그래밍 언어 숙련자 (R, Perl, python, JAVA, C++ 중 1개 이상) - 대규모 유전체 자료, 특히 차세대염기서열 자료의 분석 경험..."
https://kr.indeed.com/viewjob?jk=b71f9a6699193c99,테크빌더팀 웹(프론트/백엔드)개발,Nexon 성남 분당구,,"Ubuntu) - React, Angular, jQuery - Python, Flask, Nginx, ElasticSearch, MySQL 지원... 발해 보신 분 * 백엔드 - Python, Java, C# 중 한 가지..."
https://kr.indeed.com/viewjob?jk=4a08b699c69b0b44,AI R&D 데이터 플랫폼 엔지니어 모집,엔씨소프트 2.7 성남 판교역,,3년 ~ 15년 필수조건 - Hadoop 기반 분산 데이터 처리 기술에 대한 경험 보유 - Java / Python 기반 개발 경험 보유 - Hive 기반 ETL 개발 및 workflow 자동화 개발 경험 보유 - J2EE...
https://kr.indeed.com/viewjob?jk=a1847e26c0c636e9,Customer Quality Engineer for RFFE (Seni...,Qualcomm CDMA Technologies (Korea) YH 서울,,"Reliability Engineer (CRE) - ASQ Skills: Php Mysql, Python, QA Methodologies, SQL Script, Troubleshooting Applicants..."
https://kr.indeed.com/viewjob?jk=ee64abe502f8ee94,[NAVER Cloud] 가상화 코어 기술 연구 및 개발 (소프트웨어 분...,네이버 서울,,기술 개발 [ 우대사항] - Cloud에 대한 높은 이해도 - DevOps & Ansible 경험 - Python 기반 프로젝트 경험 - DPDK/XDP/OVS-DPDK 개발 경험 - Raw Socket 기반 개발 경험...
https://kr.indeed.com/viewjob?jk=43f8edb38c7888c7,[위메프오] 서버개발자(정규직),위메프 2.8 대한민국,,"데이터베이스 분산설계 및 미들웨어 개발 [자격사항] - 서버 프로그래밍 언어(PHP, Go, C/C++, Python, Java) 중 1개 이상 사용이 가능한 분 - 자료구조, 알고리즘, 분산처리 등 SW관련 기본지식 보유..."
https://kr.indeed.com/viewjob?jk=116009dbf59211ed,퍼즐데이터 역량있는 데이터 분석가,주식회사퍼즐데이터 서울 역삼동,,"데이터 마이닝 및 통계분석에 대한 전반적인 이해 3. 관련분야(산업공학, 통계 등) 전공 4. R or Python 사용 능력 * 이런 분은 더욱 좋아요. 1. 프로세스 마이닝 지식 보유자 2. 관련분야 대학원 전공 3..."
https://kr.indeed.com/viewjob?jk=d53c1e2dbb7cf02c,Associate Solutions Architect,Amazon Web Services Korea LLC 서울,,"languages... Ruby, Python and Node... 현대 개발 언어에 대한 실무적 지식: 루비 (Ruby), 파이썬 ( Python), Node.js 등 · 개발자 및 IT 운영자 대상의 신기술 전파에..."
https://kr.indeed.com/viewjob?jk=8d0063a33277f314,(분당/3200만이상)만도연구소 SW검증/테스트 연구원,휴먼앤 성남 분당구,"연봉 30,000,000원 - 35,000,000원","퓨터공학 관련 전공자 C#, Python 등 사용 가능자 우대 MATLAB... 차무관)대학(2,3년)졸업 이상기계/전자/컴퓨터공학 관련 전공자C#, Python 등 사용 가능자 우대MATLAB 사용 경험자 우대OA활용 능력 우수..."
https://kr.indeed.com/viewjob?jk=adbf5cf50b7bf610,Sr. Application Engineer,Tektronix 서울,,"Test & Measurement preferred • Software & GUI skill like Python, LabVIEW and MATLAB is preferred • Ability to deal..."
https://kr.indeed.com/viewjob?jk=6ede042ebe53ba49,RTL 기반 HW IP 설계 엔지니어 (딥러닝 하드웨어 프로세서 개발),딥엑스 성남 분당구,"연봉 40,000,000원 - 100,000,000원","모델의 RTL IP 설계 및 IP 검증 가능자 - Language: Python/Perl, C/C++ [우대 조건] - ARM based SoC 설계... 검증 가능자 - Language: Python/Perl, C/C++ [우대..."
https://kr.indeed.com/viewjob?jk=aac8e9355cb855ac,[인재풀] 아티스트,Electronic Arts 서울,,Maya or 3D Max등의 아트웍 툴 사용 경험 Max script 또는 Mel Script의 사용 경험 C# 또는 Python 언어에 대한 이해 및 활용 능력 아트웍 관련 툴 제작 또는 플러그인 제작 경험
https://kr.indeed.com/viewjob?jk=16dff836029458af,"모바일 앱 서버 개발(Java, Python)",휴먼디지털 서울,,"Python) 자격조건 - 정보시스템 설계 및 데이터 마이닝용 시스템 설계. - 모바일 앱 서비스용 서버 API 설계 및 개발. - 주소록 동기화, Confirmed Push 경험 하신 분 우대. - 자바, Python..."
https://kr.indeed.com/viewjob?jk=2f825c8f29d02006,[국비지원/자격취득과정] 글로벌 ICT전문가 양성과정 5기,제이에스엘인재개발원 대전 중구,,통신·모바일·게임>빅데이터·AI(인공지능)>데이터분석|인터넷·IT·통신·모바일·게임>빅데이터·AI(인공지능)> Python|인터넷·IT·통신·모바일·게임>빅데이터·AI(인공지능)>머신러닝|인터넷·IT·통신·모바일·게임>빅데이터...
https://kr.indeed.com/viewjob?jk=318c6841866ac8d5,(주)아이옵스 소프트웨어 개발자,아이옵스 대전 유성구,,"트스트랩, 웹개발, C++, C#, python, java 등 1개 이상의... 우대사항]- 자바스크립트, 부트스트랩, 웹개발, C++, C#, python, java 등 1개 이상의 개발환경 능숙자- Windows, Linux..."
https://kr.indeed.com/viewjob?jk=9acc17c535b42959,2021년 (신입) 전문연구요원 모집,NHN 4.4 성남 판교역,,"병역특례 전문연구요원 - Python/C++/Java/C# 개발 경험... 유연한 사고와 원활한 커뮤니케이션 능력 우대 - C/C++, Python 등 개발 숙련자 우대 공통지원자격(필수) - 해당 분야 석사 이상..."
